INSERT INTO users(email, user_name, password, admin) VALUES
  ('admin@fib.upc.edu', 'admin', '123456', 1),
  ('user@fib.upc.edu', 'user', '123456', 0);

INSERT INTO authors(author_name) VALUES
  ('Zofia Bivens'),
  ('Earnestine Rine'),
  ('Dwain Spratling'),
  ('Mardell Tucci'),
  ('Sima Hannon'),
  ('Rodrick Weimer'),
  ('Teisha Suman'),
  ('Gaylord Lisowski'),
  ('Merrill Wolanski');

INSERT INTO documents(title, author_name, content) VALUES
  ('presharing', 'Rodrick Weimer', 'Ixtaccihuatl ludditism dyushambe disimprison pipestone. Mechanisma seduceable tenderness bifacial luckiest. Bequest yare unincinerated needlewoman reckoner.'),
  ('cladoceran', 'Dwain Spratling', 'Beautician yellowish merbromin aretus reemphasize. Auspicating janitorship queenhood perisarc incarnalize. Phthiriasis purview cheloid zo￥ﾡchore sacrosanct.'),
  ('fabulously', 'Mardell Tucci', 'Uranism undivested outlinger bachelorhood intoxicator. Aristocratically noblewoman tristeza moabitess scholar. Airdropping acquiescingly glycerin imprecatorily germinatively.'),
  ('unlessened', 'Gaylord Lisowski', 'Mastectomy wherethrough nugget meningococcal babbage. Floorcloth redecide craziest prostrative salesroom. Jamshid interlude tao corrival preblockading.'),
  ('impanelled', 'Rodrick Weimer', 'Desolately deng reposefulness serpentiform clarissa. Camion tularemia solidify bolthead waratah. False dianoetically cracked unappended endarchy.'),
  ('unsluggish', 'Sima Hannon', 'Skilful intertwine unswear poeas engird. Unpresented iterate homogeneity fez literalized. Crumby brigalow resensitize consumer petrpolis.'),
  ('rightabout', 'Zofia Bivens', 'Erlander duplicate repolarization giusto hyperadiposity. Cryogenic firefly haemangiomas classicist nomocracy. Scottsboro simplify brio flatfootedhatting psammophyte.'),
  ('hardfisted', 'Dwain Spratling', 'Unauthentic hemimorphy anacoluthon underexposing beflag. Rachidian undecipherable semirussian arnhem fluoridated. Untransportable misoccupied bozen firman terbic.'),
  ('unprowling', 'Earnestine Rine', 'Tidal annexational goodwily elect subtympanitic. Cedarhurst intrepid zoospermatic nonimbricated interaxial. Misconjugate alkermes rclame leavings looing.'),
  ('uncaptured', 'Rodrick Weimer', 'Preadministrator tiber mythographer servo assumptive. Itonia prefeudal pseudoidentical ghastliness scallawaggy. Sepaline coeno misallying lipopectic hypergamous.');
