--SQLite Maestro 15.1.0.6
------------------------------------------
--Host     : fyf
--Database : C:\Users\Guillermo\IdeaProjects\prop-projectManager\development.db


/* Data for table authors */
INSERT INTO authors (author_name) VALUES ('Carl Sagan\t');
INSERT INTO authors (author_name) VALUES ('Chema Alonso');
INSERT INTO authors (author_name) VALUES ('Edgar Allan Poe');
INSERT INTO authors (author_name) VALUES ('Miguel de Cervantes');
INSERT INTO authors (author_name) VALUES ('Oscar Wilde');
INSERT INTO authors (author_name) VALUES ('Paul J. Steinhardt');
INSERT INTO authors (author_name) VALUES ('James Fenimore Cooper');
INSERT INTO authors (author_name) VALUES ('Erasmo de Rotterdam');
INSERT INTO authors (author_name) VALUES ('Stephen Hawking');
INSERT INTO authors (author_name) VALUES ('Jane Austen');
INSERT INTO authors (author_name) VALUES ('Daniel Defoe');
INSERT INTO authors (author_name) VALUES ('Tom Sharpe');
INSERT INTO authors (author_name) VALUES ('Alicia Ortiz');



/* Data for table documents */
INSERT INTO documents (title, author_name, user_owner, term_frequency, content) VALUES ('A pale blue dot', 'Carl Sagan\t', 'josep.de.cid@est.fib.upc.edu', '{\"a\":0.5714286,\"ahí\":0.5714286,\"alegrías\":0.52380955,\"algún\":0.52380955,\"amas\":0.52380955,\"amos\":0.52380955,\"ansia\":0.52380955,\"apenas\":0.52380955,\"arena\":0.52380955,\"auto\":0.52380955,\"cabo\":0.52380955,\"cada\":0.78571427,\"campesino\":0.52380955,\"cazador\":0.52380955,\"civilización\":0.52380955,\"cobarde\":0.52380955,\"conflicto\":0.52380955,\"conjunto\":0.52380955,\"conoces\":0.52380955,\"convertirse\":0.52380955,\"corrupto\":0.52380955,\"creador\":0.52380955,\"crueldad\":0.52380955,\"cósmica\":0.52380955,\"de\":1.0,\"desafiados\":0.', 'Apalebluedot.txt');
INSERT INTO documents (title, author_name, user_owner, term_frequency, content) VALUES ('Funciones Hash', 'Chema Alonso', 'josep.de.cid@est.fib.upc.edu', '{\"(hash\":0.5555556,\"(message-digest\":0.5555556,\"(race\":0.5555556,\"(secure\":0.5555556,\"a\":0.7777778,\"actualidad\":0.5555556,\"algorithm)\":0.6111111,\"algoritmos\":0.6111111,\"algunas\":0.6111111,\"aparición\":0.5555556,\"aunque\":0.5555556,\"aún\":0.5555556,\"baja\":0.5555556,\"cabo\":0.5555556,\"codes\":0.5555556,\"codes)\":0.5555556,\"comienzan\":0.5555556,\"como\":0.6111111,\"criptografía\":0.6111111,\"criptográficos\":0.5555556,\"código\":0.5555556,\"de\":1.0,\"debilidades\":0.5555556,\"definirán\":0.5555556,\"del\":0.5555556,\"denominados\":0', 'FuncionesHash.txt');
INSERT INTO documents (title, author_name, user_owner, term_frequency, content) VALUES ('Corazon delator', 'Edgar Allan Poe', 'josep.de.cid@est.fib.upc.edu', '{\"\":1.0,\"a\":0.6388889,\"abrir\":0.5277778,\"al\":0.5555556,\"alarido\":0.5277778,\"algún\":0.5277778,\"allí\":0.5277778,\"anda\":0.5277778,\"atentado\":0.5277778,\"audacia\":0.5277778,\"bajé\":0.5277778,\"bien\":0.5277778,\"bienvenida\":0.5277778,\"caballeros\":0.5277778,\"cadáver\":0.5277778,\"calle\":0.5277778,\"campanada\":0.5277778,\"campo\":0.5277778,\"casa\":0.5277778,\"colocaba\":0.5277778,\"como\":0.5555556,\"con\":0.5555556,\"confianza\":0.5277778,\"cordialmente\":0.5277778,\"cual\":0.5277778,\"cuando\":0.5277778,\"cuarto\":0.5277778,\"cuatro\":0.52', 'Corazondelator.txt');
INSERT INTO documents (title, author_name, user_owner, term_frequency, content) VALUES ('Don Quijote de la Mancha', 'Miguel de Cervantes', 'guillermo.valentin@est.fib.upc.edu', '{\"a\":0.6166667,\"acaba\":0.55,\"adornado\":0.51666665,\"afable\":0.51666665,\"al\":0.55,\"alabados\":0.51666665,\"alabanza\":0.51666665,\"alcanzan\":0.51666665,\"alegre\":0.51666665,\"ancho\":0.51666665,\"andante\":0.51666665,\"anejos\":0.51666665,\"angosto\":0.51666665,\"aquellos\":0.51666665,\"armas\":0.55,\"arrogante\":0.51666665,\"así\":0.51666665,\"aunque\":0.51666665,\"avaro\":0.51666665,\"balde\":0.51666665,\"bien\":0.53333336,\"bienes\":0.51666665,\"bobas\":0.51666665,\"buena\":0.51666665,\"caballero\":0.53333336,\"caballería\":0.51666665,\"camino\":', 'DonQuijotedelaMancha.txt');
INSERT INTO documents (title, author_name, user_owner, term_frequency, content) VALUES ('El fantasma de Canterville', 'Oscar Wilde', 'guillermo.valentin@est.fib.upc.edu', '{\"a\":0.60714287,\"acabó\":0.53571427,\"acero\":0.53571427,\"al\":0.71428573,\"alba\":0.53571427,\"amaneciese\":0.53571427,\"amigo\":0.53571427,\"ancho\":0.53571427,\"antiguos\":0.5714286,\"aquella\":0.53571427,\"aquél\":0.53571427,\"aspecto\":0.53571427,\"atroz\":0.53571427,\"ayuda\":0.53571427,\"bien\":0.53571427,\"blanca;\":0.53571427,\"boca\":0.53571427,\"botas\":0.53571427,\"brotaba\":0.53571427,\"cabeza\":0.5714286,\"cabo\":0.53571427,\"caer\":0.53571427,\"canterville\":0.53571427,\"caracteres\":0.53571427,\"carnosa\":0.53571427,\"cartel\":0.53571427,', 'ElfantasmadeCanterville.txt');
INSERT INTO documents (title, author_name, user_owner, term_frequency, content) VALUES ('El retrato de Dorian Gray', 'Oscar Wilde', 'guillermo.valentin@est.fib.upc.edu', '{\"a\":0.7083333,\"acción\":0.5416667,\"acontecimientos\":0.5416667,\"alegría\":0.5416667,\"algo\":0.5416667,\"alguien\":0.5416667,\"alma\":0.5416667,\"apetencia\":0.5416667,\"arrastrar\":0.5416667,\"arrepentimiento\":0.5416667,\"asustado\":0.5833333,\"así\":0.5416667,\"aún\":0.5416667,\"bello\":0.5416667,\"castigados\":0.5416667,\"cerebro\":0.5833333,\"completamente\":0.5416667,\"con\":0.5833333,\"cosas\":0.5416667,\"creo\":0.5416667,\"cuerpo\":0.5416667,\"cuyo\":0.5416667,\"dando\":0.5416667,\"de\":0.7916666,\"dejarse\":0.5416667,\"del\":0.6666667,\"desecha', 'ElretratodeDorianGray.txt');
INSERT INTO documents (title, author_name, user_owner, term_frequency, content) VALUES ('El ruiseñor y la rosa', 'Oscar Wilde', 'guillermo.valentin@est.fib.upc.edu', '{\"a\":0.5833333,\"alas\":0.5416667,\"aliento\":0.5416667,\"amante\":0.5416667,\"amor\":0.5833333,\"balancear\":0.5416667,\"cambio\":0.5833333,\"cariño\":0.5416667,\"color\":0.5416667,\"como\":0.5833333,\"comprendió\":0.5833333,\"con\":0.5833333,\"construido\":0.5416667,\"construiré\":0.5416667,\"corazón\":0.5416667,\"cuerpo\":0.5416667,\"de\":0.6666667,\"decía\":0.5416667,\"del\":0.625,\"dichoso\":0.5416667,\"dulces\":0.5416667,\"el\":0.7083333,\"ella\":0.5416667,\"en\":0.6666667,\"encina\":0.5416667,\"entender\":0.5416667,\"es\":0.7083333,\"escrito\":0.5416667', 'Elruiseñorylarosa.txt');
INSERT INTO documents (title, author_name, user_owner, term_frequency, content) VALUES ('El universo y su quinta esencia', 'Paul J. Steinhardt', 'valles@cs.upc.edu', '{\"-las\":0.53333336,\"000\":0.53333336,\"15\":0.53333336,\"a\":0.76666665,\"acalorados\":0.53333336,\"admitido\":0.53333336,\"altísimas\":0.53333336,\"atracción\":0.53333336,\"atrás\":0.53333336,\"años\":0.6,\"baña\":0.53333336,\"breve\":0.53333336,\"casi\":0.53333336,\"ciencia\":0.53333336,\"cinco\":0.53333336,\"comenzaría\":0.53333336,\"complejas\":0.53333336,\"comúnmente\":0.53333336,\"con\":0.56666666,\"conjunto\":0.53333336,\"constituida\":0.53333336,\"constituyen\":0.53333336,\"contenido\":0.53333336,\"convencido\":0.53333336,\"cosmos\":0.53333336,\"', 'Eluniversoysuquintaesencia.txt');
INSERT INTO documents (title, author_name, user_owner, term_frequency, content) VALUES ('El último mohicano', 'James Fenimore Cooper', 'valles@cs.upc.edu', '{\"56\":0.53571427,\"a\":0.5714286,\"abajo—\":0.53571427,\"admirando\":0.53571427,\"al\":0.5714286,\"algunas\":0.53571427,\"alicia\":0.53571427,\"alimentaran\":0.53571427,\"allá\":0.53571427,\"allí\":0.5714286,\"alta\":0.53571427,\"altura\":0.5714286,\"amanece\":0.53571427,\"amanecer\":0.53571427,\"anchos\":0.53571427,\"animales\":0.53571427,\"aquella\":0.53571427,\"atentos\":0.53571427,\"aurora\":0.53571427,\"avanzaban\":0.53571427,\"avanzado\":0.53571427,\"barrancos\":0.53571427,\"breve\":0.53571427,\"camino\":0.53571427,\"canadá\":0.53571427,\"cazador\":0', 'Elúltimomohicano.txt');
INSERT INTO documents (title, author_name, user_owner, term_frequency, content) VALUES ('Elogio de la locura', 'Erasmo de Rotterdam', 'valles@cs.upc.edu', '{\"a\":0.5833333,\"alabanzas\":0.5416667,\"animales\":0.5416667,\"antojo\":0.5416667,\"aprenden\":0.5416667,\"aquel\":0.5833333,\"arte\":0.5416667,\"asechanzas\":0.5416667,\"asignado\":0.5416667,\"bajo\":0.5416667,\"caballo\":0.5416667,\"cambio\":0.5416667,\"ciudadano\":0.5416667,\"connatural:\":0.5416667,\"consienten¡\":0.5416667,\"creado\":0.5416667,\"creo-\":0.5416667,\"cualquier\":0.5416667,\"de\":0.7916666,\"degrada\":0.5416667,\"del\":0.5416667,\"demás\":0.5416667,\"dentro\":0.5416667,\"deseable\":0.5416667,\"el\":0.6666667,\"ella\":0.5416667,\"ello\":0.', 'Elogiodelalocura.txt');
INSERT INTO documents (title, author_name, user_owner, term_frequency, content) VALUES ('La historia del tiempo', 'Oscar Wilde', 'valles@cs.upc.edu', '{\"000\":0.53571427,\"1676\":0.51785713,\"225\":0.51785713,\"300\":0.51785713,\"a\":0.60714287,\"absoluto\":0.53571427,\"acerca\":0.51785713,\"afirmar\":0.51785713,\"alrededor\":0.53571427,\"ambigüedad\":0.51785713,\"ambos\":0.53571427,\"antes\":0.51785713,\"aplican\":0.51785713,\"argumentó\":0.51785713,\"aristóteles\":0.51785713,\"astrónomo\":0.51785713,\"así\":0.51785713,\"aunque\":0.53571427,\"años\":0.51785713,\"bien\":0.51785713,\"buen\":0.51785713,\"buenas\":0.51785713,\"cambiar\":0.51785713,\"cerca\":0.51785713,\"christensen\":0.51785713,\"como\":0.57', 'Lahistoriadeltiempo.txt');
INSERT INTO documents (title, author_name, user_owner, term_frequency, content) VALUES ('Persuasión', 'Jane Austen', 'valles@cs.upc.edu', '{\"a\":0.6666667,\"acostumbrada\":0.53333336,\"afligía\":0.53333336,\"afrenta\":0.53333336,\"afrentas;\":0.53333336,\"agraciada\":0.53333336,\"agradables\":0.53333336,\"agravante\":0.53333336,\"agudamente\":0.53333336,\"alguno\":0.53333336,\"ana\":0.6,\"aquel\":0.53333336,\"aquella\":0.56666666,\"asiduas\":0.53333336,\"asombraba\":0.53333336,\"asustaba\":0.53333336,\"atractivo\":0.53333336,\"aviso\":0.53333336,\"ayuda\":0.53333336,\"aún\":0.53333336,\"bien\":0.53333336,\"calidad\":0.53333336,\"capacidad\":0.53333336,\"carácter\":0.53333336,\"catástrofe\":0', 'Persuasión.txt');
INSERT INTO documents (title, author_name, user_owner, term_frequency, content) VALUES ('Robinson Crusoe', 'Daniel Defoe', 'valles@cs.upc.edu', '{\"\":1.0,\"(o\":0.51428574,\"a\":0.62857145,\"acercarse\":0.51428574,\"acerté\":0.51428574,\"acudido\":0.51428574,\"agradecidos\":0.51428574,\"agua\":0.54285717,\"ahogo\":0.51428574,\"al\":0.55714285,\"alcanzarla\":0.51428574,\"algo\":0.51428574,\"allí\":0.51428574,\"antes\":0.51428574,\"aparecer\":0.51428574,\"aquel\":0.51428574,\"aquella\":0.5285714,\"arma\":0.51428574,\"asustada\":0.51428574,\"así\":0.51428574,\"atacar\":0.51428574,\"avanzó\":0.51428574,\"barco\":0.51428574,\"bien\":0.51428574,\"brindó\":0.51428574,\"cabeza;\":0.51428574,\"cargado\":0.5142', 'RobinsonCrusoe.txt');
INSERT INTO documents (title, author_name, user_owner, term_frequency, content) VALUES ('Sentido y sensibilidad', 'Jane Austen', 'valles@cs.upc.edu', '{\"a\":0.82142854,\"abandonado\":0.53571427,\"abatimiento\":0.53571427,\"abierto\":0.53571427,\"agobiaba\":0.53571427,\"al\":0.53571427,\"alguna\":0.53571427,\"allanarse\":0.53571427,\"amor;\":0.53571427,\"antes\":0.53571427,\"atención\":0.53571427,\"aunque\":0.60714287,\"autenticidad\":0.53571427,\"brandon\":0.53571427,\"callado\":0.53571427,\"certeza\":0.53571427,\"comentó\":0.53571427,\"como\":0.5714286,\"compasivo\":0.53571427,\"complacida\":0.53571427,\"completo\":0.53571427,\"comportamiento\":0.53571427,\"con\":0.71428573,\"conocer\":0.53571427,\"co', 'Sentidoysensibilidad.txt');
INSERT INTO documents (title, author_name, user_owner, term_frequency, content) VALUES ('Wilt', 'Tom Sharpe', 'valles@cs.upc.edu', '{\"(y\":0.516129,\"a\":0.58064514,\"abordaba\":0.516129,\"adquisición\":0.516129,\"agudeza\":0.516129,\"al\":0.53225803,\"algo\":0.53225803,\"algún\":0.516129,\"allí\":0.516129,\"alrededor\":0.516129,\"ambos\":0.516129,\"apariencia\":0.516129,\"aquél\":0.516129,\"argumentaciones\":0.516129,\"aún\":0.516129,\"bajaban\":0.516129,\"bajo\":0.516129,\"barrio\":0.516129,\"boca\":0.516129,\"bordeaba\":0.516129,\"calles\":0.516129,\"campo\":0.516129,\"cariñosamente\":0.516129,\"casa\":0.516129,\"casas\":0.516129,\"cierta\":0.516129,\"clem\":0.516129,\"coches\":0.516129,', 'Wilt.txt');
INSERT INTO documents (title, author_name, user_owner, term_frequency, content) VALUES ('Busqueda mediante transformación de claves', 'Alicia Ortiz', 'valles@cs.upc.edu', '{\"\":0.5217391,\"(delete)\":0.51086956,\"(insert)\":0.51086956,\"(search)\":0.51086956,\"(select)\":0.51086956,\"(sort)\":0.51086956,\"a\":0.57608694,\"abierto”\":0.51086956,\"acceso\":0.51086956,\"adelantado\":0.51086956,\"ahora\":0.5217391,\"ajustando\":0.51086956,\"al\":0.51086956,\"algoritmos\":0.51086956,\"algún\":0.51086956,\"almacenamiento\":0.51086956,\"aplica\":0.51086956,\"aplicaciones\":0.5217391,\"archivos\":0.51086956,\"aritméticas\":0.51086956,\"arreglo\":0.51086956,\"arreglos\":0.51086956,\"balance\":0.5326087,\"basados\":0.51086956,\"borr', 'Busquedamediantetransformacióndeclaves.txt');



/* Data for table users */
INSERT INTO users (email, user_name, password, admin) VALUES ('admin@admin.admin', 'Admin', '8c6976e5b5410415bde908bd4dee15dfb167a9c873fc4bb8a81f6f2ab448a918', 1);
INSERT INTO users (email, user_name, password, admin) VALUES ('user@user.user', 'User', '04f8996da763b7a969b1028ee3007569eaf3a635486ddab211d512c85b9df8fb1', 0);
INSERT INTO users (email, user_name, password, admin) VALUES ('valles@cs.upc.edu', 'Borja Valles', 'fff5fc9b5777031e6ee5b1c7f2d2ea9bddfae5e2c33eea4c0c9e9ab505c7cdba', 1);
INSERT INTO users (email, user_name, password, admin) VALUES ('guillermo.valentin@est.fib.upc.edu', 'Guillermo Valentin', '48cb0041ceae7ad8dc1d6af69cde36b531e7104177140f96cf536257872b1236', 1);
INSERT INTO users (email, user_name, password, admin) VALUES ('josep.de.cid@est.fib.upc.edu', 'Josep de Cid', '2ea3314ac471788030cccbe48b8375f6e79ab5f3203d2368d42f1d5435fbadc6', 1);
INSERT INTO users (email, user_name, password, admin) VALUES ('gabriel.puigdemunt@est.fib.upc.edu', 'Gabriel Puigdemunt', 'ff06535ac1029cca2fc2b86ac7355a7b4e0b8d839fc76b51d30833f4e1347ddc', 1);
INSERT INTO users (email, user_name, password, admin) VALUES ('aleix.boixader@est.fib.upc.edu', 'Aleix Boixader', '90464100c6e6370dd296bda01aa325c22078952ca99d3f9f991317ea2798a91c', 1);

