

-- AUTHORS

INSERT INTO authors(author_name) VALUES ('Donald Armstrong');
INSERT INTO authors(author_name) VALUES ('Kathleen Kelly');
INSERT INTO authors(author_name) VALUES ('Lawrence Morrison');
INSERT INTO authors(author_name) VALUES ('Tina Adams');
INSERT INTO authors(author_name) VALUES ('Amanda Smith');
INSERT INTO authors(author_name) VALUES ('Marie Boyd');
INSERT INTO authors(author_name) VALUES ('Jimmy Chavez');
INSERT INTO authors(author_name) VALUES ('Mark Snyder');
INSERT INTO authors(author_name) VALUES ('Cheryl Ward');
INSERT INTO authors(author_name) VALUES ('Dennis Bryant');
INSERT INTO authors(author_name) VALUES ('Phyllis Ortiz');
INSERT INTO authors(author_name) VALUES ('Jessica Perez');
INSERT INTO authors(author_name) VALUES ('Howard Fields');
INSERT INTO authors(author_name) VALUES ('Donna Fields');
INSERT INTO authors(author_name) VALUES ('Ronald Reyes');
INSERT INTO authors(author_name) VALUES ('Carl Knight');
INSERT INTO authors(author_name) VALUES ('Roy Morales');
INSERT INTO authors(author_name) VALUES ('Anna Tucker');
INSERT INTO authors(author_name) VALUES ('Randy Ramos');
INSERT INTO authors(author_name) VALUES ('Joseph Murray');


-- USERS

INSERT INTO users(email, user_name, password, admin) VALUES ('asd@asd.asd','asd','688787d8ff144c502c7f5cffaafe2cc588d86079f9de88304c26b0cb99ce91c6',1);
INSERT INTO users(email, user_name, password, admin) VALUES ('qwe@qwe.qwe','qwe','489cd5dbc708c7e541de4d7cd91ce6d0f1613573b7fc5b40d3942ccb9555cf35',0);
INSERT INTO users(email, user_name, password, admin) VALUES ('mwatson0@bbc.co.uk','llittle0','688787d8ff144c502c7f5cffaafe2cc588d86079f9de88304c26b0cb99ce91c6',0);
INSERT INTO users(email, user_name, password, admin) VALUES ('wwillis1@digg.com','rellis1','688787d8ff144c502c7f5cffaafe2cc588d86079f9de88304c26b0cb99ce91c6',1);
INSERT INTO users(email, user_name, password, admin) VALUES ('imurphy2@wix.com','jlawrence2','688787d8ff144c502c7f5cffaafe2cc588d86079f9de88304c26b0cb99ce91c6',0);
INSERT INTO users(email, user_name, password, admin) VALUES ('dpeterson3@unc.edu','jbutler3','688787d8ff144c502c7f5cffaafe2cc588d86079f9de88304c26b0cb99ce91c6',1);
INSERT INTO users(email, user_name, password, admin) VALUES ('jrose4@usgs.gov','dalvarez4','688787d8ff144c502c7f5cffaafe2cc588d86079f9de88304c26b0cb99ce91c6',0);


-- USERS

INSERT INTO documents(title, author_name, user_owner, term_frequency, content) VALUES ('Belladonna, Calcarea iodata, Conium maculatum, Echinacea purpurea, Hepar sulphuris calcareum, Kali iodatum, Kali muriaticum, Mercurius vivus, Phytolacca decandra, Pulsatilla, Ricinus communis, Scrophularia nodosa, Solidago virgaurea, and sulphur iodatum','Marie Boyd','llittle0','[]','Donec diam neque, vestibulum eget, vulputate ut, ultrices vel, augue. Vestibulum ante ipsum primis in faucibus orci luctus et ultrices posuere cubilia Curae; Donec pharetra, magna vestibulum aliquet ultrices, erat tortor sollicitudin mi, sit amet lobortis sapien sapien non mi. Integer ac neque.

Duis bibendum. Morbi non quam nec dui luctus rutrum. Nulla tellus.');
INSERT INTO documents(title, author_name, user_owner, term_frequency, content) VALUES ('Acetaminophen, Aspirin, Caffeine','Cheryl Ward','rellis1','[]','Sed ante. Vivamus tortor. Duis mattis egestas metus.

Aenean fermentum. Donec ut mauris eget massa tempor convallis. Nulla neque libero, convallis eget, eleifend luctus, ultricies eu, nibh.

Quisque id justo sit amet sapien dignissim vestibulum. Vestibulum ante ipsum primis in faucibus orci luctus et ultrices posuere cubilia Curae; Nulla dapibus dolor vel est. Donec odio justo, sollicitudin ut, suscipit a, feugiat et, eros.

Vestibulum ac est lacinia nisi venenatis tristique. Fusce congue, diam id ornare imperdiet, sapien urna pretium nisl, ut volutpat sapien arcu sed augue. Aliquam erat volutpat.

In congue. Etiam justo. Etiam pretium iaculis justo.');
INSERT INTO documents(title, author_name, user_owner, term_frequency, content) VALUES ('ETHYL ALCOHOL','Howard Fields','rellis1','[]','Duis consequat dui nec nisi volutpat eleifend. Donec ut dolor. Morbi vel lectus in quam fringilla rhoncus.

Mauris enim leo, rhoncus sed, vestibulum sit amet, cursus id, turpis. Integer aliquet, massa id lobortis convallis, tortor risus dapibus augue, vel accumsan tellus nisi eu orci. Mauris lacinia sapien quis libero.

Nullam sit amet turpis elementum ligula vehicula consequat. Morbi a ipsum. Integer a nibh.

In quis justo. Maecenas rhoncus aliquam lacus. Morbi quis tortor id nulla ultrices aliquet.

Maecenas leo odio, condimentum id, luctus nec, molestie sed, justo. Pellentesque viverra pede ac diam. Cras pellentesque volutpat dui.');
INSERT INTO documents(title, author_name, user_owner, term_frequency, content) VALUES ('Cefotaxime','Donald Armstrong','llittle0','[]','Sed sagittis. Nam congue, risus semper porta volutpat, quam pede lobortis ligula, sit amet eleifend pede libero quis orci. Nullam molestie nibh in lectus.

Pellentesque at nulla. Suspendisse potenti. Cras in purus eu magna vulputate luctus.

Cum sociis natoque penatibus et magnis dis parturient montes, nascetur ridiculus mus. Vivamus vestibulum sagittis sapien. Cum sociis natoque penatibus et magnis dis parturient montes, nascetur ridiculus mus.');
INSERT INTO documents(title, author_name, user_owner, term_frequency, content) VALUES ('Sodium Fluoride','Dennis Bryant','jbutler3','[]','Integer tincidunt ante vel ipsum. Praesent blandit lacinia erat. Vestibulum sed magna at nunc commodo placerat.

Praesent blandit. Nam nulla. Integer pede justo, lacinia eget, tincidunt eget, tempus vel, pede.

Morbi porttitor lorem id ligula. Suspendisse ornare consequat lectus. In est risus, auctor sed, tristique in, tempus sit amet, sem.

Fusce consequat. Nulla nisl. Nunc nisl.

Duis bibendum, felis sed interdum venenatis, turpis enim blandit mi, in porttitor pede justo eu massa. Donec dapibus. Duis at velit eu est congue elementum.');
INSERT INTO documents(title, author_name, user_owner, term_frequency, content) VALUES ('Octocrylene and Oxybenzone and Avobenzone','Howard Fields','llittle0','[]','Curabitur gravida nisi at nibh. In hac habitasse platea dictumst. Aliquam augue quam, sollicitudin vitae, consectetuer eget, rutrum at, lorem.

Integer tincidunt ante vel ipsum. Praesent blandit lacinia erat. Vestibulum sed magna at nunc commodo placerat.

Praesent blandit. Nam nulla. Integer pede justo, lacinia eget, tincidunt eget, tempus vel, pede.

Morbi porttitor lorem id ligula. Suspendisse ornare consequat lectus. In est risus, auctor sed, tristique in, tempus sit amet, sem.

Fusce consequat. Nulla nisl. Nunc nisl.');
INSERT INTO documents(title, author_name, user_owner, term_frequency, content) VALUES ('Ampicillin','Phyllis Ortiz','llittle0','[]','Cras mi pede, malesuada in, imperdiet et, commodo vulputate, justo. In blandit ultrices enim. Lorem ipsum dolor sit amet, consectetuer adipiscing elit.

Proin interdum mauris non ligula pellentesque ultrices. Phasellus id sapien in sapien iaculis congue. Vivamus metus arcu, adipiscing molestie, hendrerit at, vulputate vitae, nisl.

Aenean lectus. Pellentesque eget nunc. Donec quis orci eget orci vehicula condimentum.

Curabitur in libero ut massa volutpat convallis. Morbi odio odio, elementum eu, interdum eu, tincidunt in, leo. Maecenas pulvinar lobortis est.

Phasellus sit amet erat. Nulla tempus. Vivamus in felis eu sapien cursus vestibulum.');
INSERT INTO documents(title, author_name, user_owner, term_frequency, content) VALUES ('Povidone Iodine','Randy Ramos','llittle0','[]','Quisque id justo sit amet sapien dignissim vestibulum. Vestibulum ante ipsum primis in faucibus orci luctus et ultrices posuere cubilia Curae; Nulla dapibus dolor vel est. Donec odio justo, sollicitudin ut, suscipit a, feugiat et, eros.

Vestibulum ac est lacinia nisi venenatis tristique. Fusce congue, diam id ornare imperdiet, sapien urna pretium nisl, ut volutpat sapien arcu sed augue. Aliquam erat volutpat.

In congue. Etiam justo. Etiam pretium iaculis justo.

In hac habitasse platea dictumst. Etiam faucibus cursus urna. Ut tellus.

Nulla ut erat id mauris vulputate elementum. Nullam varius. Nulla facilisi.');
INSERT INTO documents(title, author_name, user_owner, term_frequency, content) VALUES ('Propranolol Hydrochloride','Ronald Reyes','jlawrence2','[]','Proin interdum mauris non ligula pellentesque ultrices. Phasellus id sapien in sapien iaculis congue. Vivamus metus arcu, adipiscing molestie, hendrerit at, vulputate vitae, nisl.

Aenean lectus. Pellentesque eget nunc. Donec quis orci eget orci vehicula condimentum.

Curabitur in libero ut massa volutpat convallis. Morbi odio odio, elementum eu, interdum eu, tincidunt in, leo. Maecenas pulvinar lobortis est.

Phasellus sit amet erat. Nulla tempus. Vivamus in felis eu sapien cursus vestibulum.');
INSERT INTO documents(title, author_name, user_owner, term_frequency, content) VALUES ('Oxycodone Hydrochloride','Dennis Bryant','jlawrence2','[]','In congue. Etiam justo. Etiam pretium iaculis justo.

In hac habitasse platea dictumst. Etiam faucibus cursus urna. Ut tellus.');
INSERT INTO documents(title, author_name, user_owner, term_frequency, content) VALUES ('Benzocaine','Jessica Perez','jlawrence2','[]','Sed ante. Vivamus tortor. Duis mattis egestas metus.

Aenean fermentum. Donec ut mauris eget massa tempor convallis. Nulla neque libero, convallis eget, eleifend luctus, ultricies eu, nibh.');
INSERT INTO documents(title, author_name, user_owner, term_frequency, content) VALUES ('OCTINOXATE, OCTOCRYLENE, and ZINC OXIDE','Jessica Perez','jlawrence2','[]','Duis bibendum, felis sed interdum venenatis, turpis enim blandit mi, in porttitor pede justo eu massa. Donec dapibus. Duis at velit eu est congue elementum.

In hac habitasse platea dictumst. Morbi vestibulum, velit id pretium iaculis, diam erat fermentum justo, nec condimentum neque sapien placerat ante. Nulla justo.

Aliquam quis turpis eget elit sodales scelerisque. Mauris sit amet eros. Suspendisse accumsan tortor quis turpis.

Sed ante. Vivamus tortor. Duis mattis egestas metus.');
INSERT INTO documents(title, author_name, user_owner, term_frequency, content) VALUES ('benzonatate','Jimmy Chavez','jbutler3','[]','Quisque porta volutpat erat. Quisque erat eros, viverra eget, congue eget, semper rutrum, nulla. Nunc purus.

Phasellus in felis. Donec semper sapien a libero. Nam dui.

Proin leo odio, porttitor id, consequat in, consequat ut, nulla. Sed accumsan felis. Ut at dolor quis odio consequat varius.

Integer ac leo. Pellentesque ultrices mattis odio. Donec vitae nisi.

Nam ultrices, libero non mattis pulvinar, nulla pede ullamcorper augue, a suscipit nulla elit ac nulla. Sed vel enim sit amet nunc viverra dapibus. Nulla suscipit ligula in lacus.');
INSERT INTO documents(title, author_name, user_owner, term_frequency, content) VALUES ('laricifomes officinalis fruiting body','Carl Knight','llittle0','[]','Duis bibendum. Morbi non quam nec dui luctus rutrum. Nulla tellus.

In sagittis dui vel nisl. Duis ac nibh. Fusce lacus purus, aliquet at, feugiat non, pretium quis, lectus.

Suspendisse potenti. In eleifend quam a odio. In hac habitasse platea dictumst.');
INSERT INTO documents(title, author_name, user_owner, term_frequency, content) VALUES ('Venlafaxine','Cheryl Ward','jlawrence2','[]','Etiam vel augue. Vestibulum rutrum rutrum neque. Aenean auctor gravida sem.

Praesent id massa id nisl venenatis lacinia. Aenean sit amet justo. Morbi ut odio.

Cras mi pede, malesuada in, imperdiet et, commodo vulputate, justo. In blandit ultrices enim. Lorem ipsum dolor sit amet, consectetuer adipiscing elit.');
INSERT INTO documents(title, author_name, user_owner, term_frequency, content) VALUES ('TITANIUM DIOXIDE','Lawrence Morrison','llittle0','[]','In sagittis dui vel nisl. Duis ac nibh. Fusce lacus purus, aliquet at, feugiat non, pretium quis, lectus.

Suspendisse potenti. In eleifend quam a odio. In hac habitasse platea dictumst.

Maecenas ut massa quis augue luctus tincidunt. Nulla mollis molestie lorem. Quisque ut erat.

Curabitur gravida nisi at nibh. In hac habitasse platea dictumst. Aliquam augue quam, sollicitudin vitae, consectetuer eget, rutrum at, lorem.');
INSERT INTO documents(title, author_name, user_owner, term_frequency, content) VALUES ('ARIPIPRAZOLE','Cheryl Ward','llittle0','[]','Aenean lectus. Pellentesque eget nunc. Donec quis orci eget orci vehicula condimentum.

Curabitur in libero ut massa volutpat convallis. Morbi odio odio, elementum eu, interdum eu, tincidunt in, leo. Maecenas pulvinar lobortis est.

Phasellus sit amet erat. Nulla tempus. Vivamus in felis eu sapien cursus vestibulum.

Proin eu mi. Nulla ac enim. In tempor, turpis nec euismod scelerisque, quam turpis adipiscing lorem, vitae mattis nibh ligula nec sem.

Duis aliquam convallis nunc. Proin at turpis a pede posuere nonummy. Integer non velit.');
INSERT INTO documents(title, author_name, user_owner, term_frequency, content) VALUES ('Potassium Chloride and Dextrose Monohydrate','Anna Tucker','jlawrence2','[]','In quis justo. Maecenas rhoncus aliquam lacus. Morbi quis tortor id nulla ultrices aliquet.

Maecenas leo odio, condimentum id, luctus nec, molestie sed, justo. Pellentesque viverra pede ac diam. Cras pellentesque volutpat dui.

Maecenas tristique, est et tempus semper, est quam pharetra magna, ac consequat metus sapien ut nunc. Vestibulum ante ipsum primis in faucibus orci luctus et ultrices posuere cubilia Curae; Mauris viverra diam vitae quam. Suspendisse potenti.

Nullam porttitor lacus at turpis. Donec posuere metus vitae ipsum. Aliquam non mauris.');
INSERT INTO documents(title, author_name, user_owner, term_frequency, content) VALUES ('Hydrocortisone Lotion with Shampoo and Body Wash','Cheryl Ward','llittle0','[]','Nullam porttitor lacus at turpis. Donec posuere metus vitae ipsum. Aliquam non mauris.

Morbi non lectus. Aliquam sit amet diam in magna bibendum imperdiet. Nullam orci pede, venenatis non, sodales sed, tincidunt eu, felis.

Fusce posuere felis sed lacus. Morbi sem mauris, laoreet ut, rhoncus aliquet, pulvinar sed, nisl. Nunc rhoncus dui vel sem.

Sed sagittis. Nam congue, risus semper porta volutpat, quam pede lobortis ligula, sit amet eleifend pede libero quis orci. Nullam molestie nibh in lectus.

Pellentesque at nulla. Suspendisse potenti. Cras in purus eu magna vulputate luctus.');
INSERT INTO documents(title, author_name, user_owner, term_frequency, content) VALUES ('Camphor, Menthol, Methyl salicylate','Lawrence Morrison','jlawrence2','[]','Phasellus sit amet erat. Nulla tempus. Vivamus in felis eu sapien cursus vestibulum.

Proin eu mi. Nulla ac enim. In tempor, turpis nec euismod scelerisque, quam turpis adipiscing lorem, vitae mattis nibh ligula nec sem.');
INSERT INTO documents(title, author_name, user_owner, term_frequency, content) VALUES ('Ceftazidime','Roy Morales','jlawrence2','[]','Sed sagittis. Nam congue, risus semper porta volutpat, quam pede lobortis ligula, sit amet eleifend pede libero quis orci. Nullam molestie nibh in lectus.

Pellentesque at nulla. Suspendisse potenti. Cras in purus eu magna vulputate luctus.

Cum sociis natoque penatibus et magnis dis parturient montes, nascetur ridiculus mus. Vivamus vestibulum sagittis sapien. Cum sociis natoque penatibus et magnis dis parturient montes, nascetur ridiculus mus.');
INSERT INTO documents(title, author_name, user_owner, term_frequency, content) VALUES ('Desoximetasone','Tina Adams','jbutler3','[]','Aliquam quis turpis eget elit sodales scelerisque. Mauris sit amet eros. Suspendisse accumsan tortor quis turpis.

Sed ante. Vivamus tortor. Duis mattis egestas metus.

Aenean fermentum. Donec ut mauris eget massa tempor convallis. Nulla neque libero, convallis eget, eleifend luctus, ultricies eu, nibh.');
INSERT INTO documents(title, author_name, user_owner, term_frequency, content) VALUES ('ETHYL ALCOHOL','Donna Fields','jlawrence2','[]','Proin eu mi. Nulla ac enim. In tempor, turpis nec euismod scelerisque, quam turpis adipiscing lorem, vitae mattis nibh ligula nec sem.

Duis aliquam convallis nunc. Proin at turpis a pede posuere nonummy. Integer non velit.

Donec diam neque, vestibulum eget, vulputate ut, ultrices vel, augue. Vestibulum ante ipsum primis in faucibus orci luctus et ultrices posuere cubilia Curae; Donec pharetra, magna vestibulum aliquet ultrices, erat tortor sollicitudin mi, sit amet lobortis sapien sapien non mi. Integer ac neque.

Duis bibendum. Morbi non quam nec dui luctus rutrum. Nulla tellus.

In sagittis dui vel nisl. Duis ac nibh. Fusce lacus purus, aliquet at, feugiat non, pretium quis, lectus.');
INSERT INTO documents(title, author_name, user_owner, term_frequency, content) VALUES ('Naproxen Sodium','Mark Snyder','llittle0','[]','Fusce consequat. Nulla nisl. Nunc nisl.

Duis bibendum, felis sed interdum venenatis, turpis enim blandit mi, in porttitor pede justo eu massa. Donec dapibus. Duis at velit eu est congue elementum.

In hac habitasse platea dictumst. Morbi vestibulum, velit id pretium iaculis, diam erat fermentum justo, nec condimentum neque sapien placerat ante. Nulla justo.

Aliquam quis turpis eget elit sodales scelerisque. Mauris sit amet eros. Suspendisse accumsan tortor quis turpis.

Sed ante. Vivamus tortor. Duis mattis egestas metus.');
INSERT INTO documents(title, author_name, user_owner, term_frequency, content) VALUES ('Atovaquone and Proguanil Hydrochloride','Jimmy Chavez','jbutler3','[]','Proin interdum mauris non ligula pellentesque ultrices. Phasellus id sapien in sapien iaculis congue. Vivamus metus arcu, adipiscing molestie, hendrerit at, vulputate vitae, nisl.

Aenean lectus. Pellentesque eget nunc. Donec quis orci eget orci vehicula condimentum.

Curabitur in libero ut massa volutpat convallis. Morbi odio odio, elementum eu, interdum eu, tincidunt in, leo. Maecenas pulvinar lobortis est.

Phasellus sit amet erat. Nulla tempus. Vivamus in felis eu sapien cursus vestibulum.

Proin eu mi. Nulla ac enim. In tempor, turpis nec euismod scelerisque, quam turpis adipiscing lorem, vitae mattis nibh ligula nec sem.');
INSERT INTO documents(title, author_name, user_owner, term_frequency, content) VALUES ('Miconazole Nitrate','Jessica Perez','llittle0','[]','Nulla ut erat id mauris vulputate elementum. Nullam varius. Nulla facilisi.

Cras non velit nec nisi vulputate nonummy. Maecenas tincidunt lacus at velit. Vivamus vel nulla eget eros elementum pellentesque.

Quisque porta volutpat erat. Quisque erat eros, viverra eget, congue eget, semper rutrum, nulla. Nunc purus.

Phasellus in felis. Donec semper sapien a libero. Nam dui.');
INSERT INTO documents(title, author_name, user_owner, term_frequency, content) VALUES ('White Petrolatum','Roy Morales','llittle0','[]','Phasellus sit amet erat. Nulla tempus. Vivamus in felis eu sapien cursus vestibulum.

Proin eu mi. Nulla ac enim. In tempor, turpis nec euismod scelerisque, quam turpis adipiscing lorem, vitae mattis nibh ligula nec sem.

Duis aliquam convallis nunc. Proin at turpis a pede posuere nonummy. Integer non velit.

Donec diam neque, vestibulum eget, vulputate ut, ultrices vel, augue. Vestibulum ante ipsum primis in faucibus orci luctus et ultrices posuere cubilia Curae; Donec pharetra, magna vestibulum aliquet ultrices, erat tortor sollicitudin mi, sit amet lobortis sapien sapien non mi. Integer ac neque.');
INSERT INTO documents(title, author_name, user_owner, term_frequency, content) VALUES ('Alnus rhombifolia','Marie Boyd','jlawrence2','[]','In congue. Etiam justo. Etiam pretium iaculis justo.

In hac habitasse platea dictumst. Etiam faucibus cursus urna. Ut tellus.');
INSERT INTO documents(title, author_name, user_owner, term_frequency, content) VALUES ('OCTINOXATE, TITANIUM DIOXIDE, DIMETHICONE, ALUMINUM HYDROXIDE, STEARIC ACID, HYDROXYPROLINE,','Dennis Bryant','rellis1','[]','Nullam porttitor lacus at turpis. Donec posuere metus vitae ipsum. Aliquam non mauris.

Morbi non lectus. Aliquam sit amet diam in magna bibendum imperdiet. Nullam orci pede, venenatis non, sodales sed, tincidunt eu, felis.

Fusce posuere felis sed lacus. Morbi sem mauris, laoreet ut, rhoncus aliquet, pulvinar sed, nisl. Nunc rhoncus dui vel sem.

Sed sagittis. Nam congue, risus semper porta volutpat, quam pede lobortis ligula, sit amet eleifend pede libero quis orci. Nullam molestie nibh in lectus.');
INSERT INTO documents(title, author_name, user_owner, term_frequency, content) VALUES ('Ibuprofen','Roy Morales','jbutler3','[]','Fusce consequat. Nulla nisl. Nunc nisl.

Duis bibendum, felis sed interdum venenatis, turpis enim blandit mi, in porttitor pede justo eu massa. Donec dapibus. Duis at velit eu est congue elementum.

In hac habitasse platea dictumst. Morbi vestibulum, velit id pretium iaculis, diam erat fermentum justo, nec condimentum neque sapien placerat ante. Nulla justo.

Aliquam quis turpis eget elit sodales scelerisque. Mauris sit amet eros. Suspendisse accumsan tortor quis turpis.');
INSERT INTO documents(title, author_name, user_owner, term_frequency, content) VALUES ('Isosorbide Dinitrate','Kathleen Kelly','jbutler3','[]','Vestibulum ac est lacinia nisi venenatis tristique. Fusce congue, diam id ornare imperdiet, sapien urna pretium nisl, ut volutpat sapien arcu sed augue. Aliquam erat volutpat.

In congue. Etiam justo. Etiam pretium iaculis justo.

In hac habitasse platea dictumst. Etiam faucibus cursus urna. Ut tellus.

Nulla ut erat id mauris vulputate elementum. Nullam varius. Nulla facilisi.

Cras non velit nec nisi vulputate nonummy. Maecenas tincidunt lacus at velit. Vivamus vel nulla eget eros elementum pellentesque.');
INSERT INTO documents(title, author_name, user_owner, term_frequency, content) VALUES ('Methyldopa','Howard Fields','jlawrence2','[]','In sagittis dui vel nisl. Duis ac nibh. Fusce lacus purus, aliquet at, feugiat non, pretium quis, lectus.

Suspendisse potenti. In eleifend quam a odio. In hac habitasse platea dictumst.');
INSERT INTO documents(title, author_name, user_owner, term_frequency, content) VALUES ('OCTINOXATE','Amanda Smith','llittle0','[]','Maecenas ut massa quis augue luctus tincidunt. Nulla mollis molestie lorem. Quisque ut erat.

Curabitur gravida nisi at nibh. In hac habitasse platea dictumst. Aliquam augue quam, sollicitudin vitae, consectetuer eget, rutrum at, lorem.

Integer tincidunt ante vel ipsum. Praesent blandit lacinia erat. Vestibulum sed magna at nunc commodo placerat.

Praesent blandit. Nam nulla. Integer pede justo, lacinia eget, tincidunt eget, tempus vel, pede.');
INSERT INTO documents(title, author_name, user_owner, term_frequency, content) VALUES ('IBUPROFEN','Lawrence Morrison','jbutler3','[]','In congue. Etiam justo. Etiam pretium iaculis justo.

In hac habitasse platea dictumst. Etiam faucibus cursus urna. Ut tellus.

Nulla ut erat id mauris vulputate elementum. Nullam varius. Nulla facilisi.');
INSERT INTO documents(title, author_name, user_owner, term_frequency, content) VALUES ('Oxycodone Hydrochloride','Dennis Bryant','jlawrence2','[]','Curabitur gravida nisi at nibh. In hac habitasse platea dictumst. Aliquam augue quam, sollicitudin vitae, consectetuer eget, rutrum at, lorem.

Integer tincidunt ante vel ipsum. Praesent blandit lacinia erat. Vestibulum sed magna at nunc commodo placerat.

Praesent blandit. Nam nulla. Integer pede justo, lacinia eget, tincidunt eget, tempus vel, pede.

Morbi porttitor lorem id ligula. Suspendisse ornare consequat lectus. In est risus, auctor sed, tristique in, tempus sit amet, sem.');
INSERT INTO documents(title, author_name, user_owner, term_frequency, content) VALUES ('HUMAN PAPILLOMAVIRUS','Donna Fields','rellis1','[]','Vestibulum ac est lacinia nisi venenatis tristique. Fusce congue, diam id ornare imperdiet, sapien urna pretium nisl, ut volutpat sapien arcu sed augue. Aliquam erat volutpat.

In congue. Etiam justo. Etiam pretium iaculis justo.

In hac habitasse platea dictumst. Etiam faucibus cursus urna. Ut tellus.');
INSERT INTO documents(title, author_name, user_owner, term_frequency, content) VALUES ('Simvastatin','Tina Adams','rellis1','[]','Phasellus sit amet erat. Nulla tempus. Vivamus in felis eu sapien cursus vestibulum.

Proin eu mi. Nulla ac enim. In tempor, turpis nec euismod scelerisque, quam turpis adipiscing lorem, vitae mattis nibh ligula nec sem.

Duis aliquam convallis nunc. Proin at turpis a pede posuere nonummy. Integer non velit.

Donec diam neque, vestibulum eget, vulputate ut, ultrices vel, augue. Vestibulum ante ipsum primis in faucibus orci luctus et ultrices posuere cubilia Curae; Donec pharetra, magna vestibulum aliquet ultrices, erat tortor sollicitudin mi, sit amet lobortis sapien sapien non mi. Integer ac neque.

Duis bibendum. Morbi non quam nec dui luctus rutrum. Nulla tellus.');
INSERT INTO documents(title, author_name, user_owner, term_frequency, content) VALUES ('Dextroamphetamine saccharate, amphetamine aspartate monohydrate, dextroamphetamine sulfate, amphetamine sulfate','Tina Adams','jbutler3','[]','Morbi non lectus. Aliquam sit amet diam in magna bibendum imperdiet. Nullam orci pede, venenatis non, sodales sed, tincidunt eu, felis.

Fusce posuere felis sed lacus. Morbi sem mauris, laoreet ut, rhoncus aliquet, pulvinar sed, nisl. Nunc rhoncus dui vel sem.');
INSERT INTO documents(title, author_name, user_owner, term_frequency, content) VALUES ('BIOTIN','Howard Fields','jbutler3','[]','Aenean lectus. Pellentesque eget nunc. Donec quis orci eget orci vehicula condimentum.

Curabitur in libero ut massa volutpat convallis. Morbi odio odio, elementum eu, interdum eu, tincidunt in, leo. Maecenas pulvinar lobortis est.

Phasellus sit amet erat. Nulla tempus. Vivamus in felis eu sapien cursus vestibulum.

Proin eu mi. Nulla ac enim. In tempor, turpis nec euismod scelerisque, quam turpis adipiscing lorem, vitae mattis nibh ligula nec sem.');
INSERT INTO documents(title, author_name, user_owner, term_frequency, content) VALUES ('EUPATORIUM PERFOLIATUM FLOWERING TOP','Dennis Bryant','llittle0','[]','Sed sagittis. Nam congue, risus semper porta volutpat, quam pede lobortis ligula, sit amet eleifend pede libero quis orci. Nullam molestie nibh in lectus.

Pellentesque at nulla. Suspendisse potenti. Cras in purus eu magna vulputate luctus.

Cum sociis natoque penatibus et magnis dis parturient montes, nascetur ridiculus mus. Vivamus vestibulum sagittis sapien. Cum sociis natoque penatibus et magnis dis parturient montes, nascetur ridiculus mus.

Etiam vel augue. Vestibulum rutrum rutrum neque. Aenean auctor gravida sem.

Praesent id massa id nisl venenatis lacinia. Aenean sit amet justo. Morbi ut odio.');
INSERT INTO documents(title, author_name, user_owner, term_frequency, content) VALUES ('Doxycycline','Phyllis Ortiz','llittle0','[]','Nullam sit amet turpis elementum ligula vehicula consequat. Morbi a ipsum. Integer a nibh.

In quis justo. Maecenas rhoncus aliquam lacus. Morbi quis tortor id nulla ultrices aliquet.

Maecenas leo odio, condimentum id, luctus nec, molestie sed, justo. Pellentesque viverra pede ac diam. Cras pellentesque volutpat dui.

Maecenas tristique, est et tempus semper, est quam pharetra magna, ac consequat metus sapien ut nunc. Vestibulum ante ipsum primis in faucibus orci luctus et ultrices posuere cubilia Curae; Mauris viverra diam vitae quam. Suspendisse potenti.

Nullam porttitor lacus at turpis. Donec posuere metus vitae ipsum. Aliquam non mauris.');
INSERT INTO documents(title, author_name, user_owner, term_frequency, content) VALUES ('Hydrocodone Bitartrate and Ibuprofen','Donna Fields','llittle0','[]','Cras non velit nec nisi vulputate nonummy. Maecenas tincidunt lacus at velit. Vivamus vel nulla eget eros elementum pellentesque.

Quisque porta volutpat erat. Quisque erat eros, viverra eget, congue eget, semper rutrum, nulla. Nunc purus.

Phasellus in felis. Donec semper sapien a libero. Nam dui.

Proin leo odio, porttitor id, consequat in, consequat ut, nulla. Sed accumsan felis. Ut at dolor quis odio consequat varius.');
INSERT INTO documents(title, author_name, user_owner, term_frequency, content) VALUES ('Oxybutynin Chloride','Ronald Reyes','jlawrence2','[]','Duis bibendum, felis sed interdum venenatis, turpis enim blandit mi, in porttitor pede justo eu massa. Donec dapibus. Duis at velit eu est congue elementum.

In hac habitasse platea dictumst. Morbi vestibulum, velit id pretium iaculis, diam erat fermentum justo, nec condimentum neque sapien placerat ante. Nulla justo.

Aliquam quis turpis eget elit sodales scelerisque. Mauris sit amet eros. Suspendisse accumsan tortor quis turpis.');
INSERT INTO documents(title, author_name, user_owner, term_frequency, content) VALUES ('Aluminum Chloride','Anna Tucker','rellis1','[]','In sagittis dui vel nisl. Duis ac nibh. Fusce lacus purus, aliquet at, feugiat non, pretium quis, lectus.

Suspendisse potenti. In eleifend quam a odio. In hac habitasse platea dictumst.

Maecenas ut massa quis augue luctus tincidunt. Nulla mollis molestie lorem. Quisque ut erat.');
INSERT INTO documents(title, author_name, user_owner, term_frequency, content) VALUES ('Anticoagulant Citrate Phosphate Dextrose (CPD) AND AS-5 Red Cell Preservative','Roy Morales','rellis1','[]','Vestibulum quam sapien, varius ut, blandit non, interdum in, ante. Vestibulum ante ipsum primis in faucibus orci luctus et ultrices posuere cubilia Curae; Duis faucibus accumsan odio. Curabitur convallis.

Duis consequat dui nec nisi volutpat eleifend. Donec ut dolor. Morbi vel lectus in quam fringilla rhoncus.

Mauris enim leo, rhoncus sed, vestibulum sit amet, cursus id, turpis. Integer aliquet, massa id lobortis convallis, tortor risus dapibus augue, vel accumsan tellus nisi eu orci. Mauris lacinia sapien quis libero.

Nullam sit amet turpis elementum ligula vehicula consequat. Morbi a ipsum. Integer a nibh.');
INSERT INTO documents(title, author_name, user_owner, term_frequency, content) VALUES ('galphimia glauca flowering top, histamine dihydrochloride, luffa operculata fruit, and sulfur','Lawrence Morrison','llittle0','[]','Duis consequat dui nec nisi volutpat eleifend. Donec ut dolor. Morbi vel lectus in quam fringilla rhoncus.

Mauris enim leo, rhoncus sed, vestibulum sit amet, cursus id, turpis. Integer aliquet, massa id lobortis convallis, tortor risus dapibus augue, vel accumsan tellus nisi eu orci. Mauris lacinia sapien quis libero.');
INSERT INTO documents(title, author_name, user_owner, term_frequency, content) VALUES ('Ranitidine','Tina Adams','rellis1','[]','Etiam vel augue. Vestibulum rutrum rutrum neque. Aenean auctor gravida sem.

Praesent id massa id nisl venenatis lacinia. Aenean sit amet justo. Morbi ut odio.

Cras mi pede, malesuada in, imperdiet et, commodo vulputate, justo. In blandit ultrices enim. Lorem ipsum dolor sit amet, consectetuer adipiscing elit.');
INSERT INTO documents(title, author_name, user_owner, term_frequency, content) VALUES ('mesalamine','Jessica Perez','llittle0','[]','Duis bibendum. Morbi non quam nec dui luctus rutrum. Nulla tellus.

In sagittis dui vel nisl. Duis ac nibh. Fusce lacus purus, aliquet at, feugiat non, pretium quis, lectus.

Suspendisse potenti. In eleifend quam a odio. In hac habitasse platea dictumst.

Maecenas ut massa quis augue luctus tincidunt. Nulla mollis molestie lorem. Quisque ut erat.');
INSERT INTO documents(title, author_name, user_owner, term_frequency, content) VALUES ('OCTINOXATE','Mark Snyder','jlawrence2','[]','Maecenas ut massa quis augue luctus tincidunt. Nulla mollis molestie lorem. Quisque ut erat.

Curabitur gravida nisi at nibh. In hac habitasse platea dictumst. Aliquam augue quam, sollicitudin vitae, consectetuer eget, rutrum at, lorem.

Integer tincidunt ante vel ipsum. Praesent blandit lacinia erat. Vestibulum sed magna at nunc commodo placerat.

Praesent blandit. Nam nulla. Integer pede justo, lacinia eget, tincidunt eget, tempus vel, pede.

Morbi porttitor lorem id ligula. Suspendisse ornare consequat lectus. In est risus, auctor sed, tristique in, tempus sit amet, sem.');
INSERT INTO documents(title, author_name, user_owner, term_frequency, content) VALUES ('Paroxetine hydrochloride','Lawrence Morrison','jlawrence2','[]','Cras mi pede, malesuada in, imperdiet et, commodo vulputate, justo. In blandit ultrices enim. Lorem ipsum dolor sit amet, consectetuer adipiscing elit.

Proin interdum mauris non ligula pellentesque ultrices. Phasellus id sapien in sapien iaculis congue. Vivamus metus arcu, adipiscing molestie, hendrerit at, vulputate vitae, nisl.

Aenean lectus. Pellentesque eget nunc. Donec quis orci eget orci vehicula condimentum.

Curabitur in libero ut massa volutpat convallis. Morbi odio odio, elementum eu, interdum eu, tincidunt in, leo. Maecenas pulvinar lobortis est.

Phasellus sit amet erat. Nulla tempus. Vivamus in felis eu sapien cursus vestibulum.');
